,P,31,31,,X,,,,,,,,,,,,,,,,,,
,P,32,32,_,R,,,,,,,,,,,,,,,,,,
,P,33,33,_,n,,,,,,,,,,,,,,,,,,
,P,34,34,,,,,,,,,,,,,,,,,,,,
,P,34,3,,c,,,,,,,,,,,,,,,,,,
,P,3,P,p,,,,,,,,,,,,,,,,,,,
,P,3,35,A,,,,,,,,,,,,,,,,,,,
,P,3,35,A,G,,,,,,,,,,,,,,,,,,
,P,21,21,_,cb,,,,,,,,,,,,,,,,,,
,P,22,22,j,i,,,,,,,,,,,,,,,,,,
,P,22,2,n,,,,,,,,,,,,,,,,,,,
,P,23,23,UV,O,,,,,,,,,,,,,,,,,,
,P,24,24,aC,s,,,,,,,,,,,,,,,,,,
,P,2,Q,p,xV,,,,,,,,,,,,,,,,,,
,P,2,25,aC,CN,,,,,,,,,,,,,,,,,,
,P,11,11,j,,,,,,,,,,,,,,,,,,,
,P,12,12,TU,c,,,,,,,,,,,,,,,,,,
,P,13,13,`,,,,,,,,,,,,,,,,,,,
,P,14,14,n,|c,,,,,,,,,,,,,,,,,,
,P,15,15,,ؑ,,,,,,,,,,,,,,,,,,
,P,16,16,,M,,,,,,,,,,,,,,,,,,
,Q,31,P,j,,,,,,,,,,,,,,,,,,,
,Q,31,31,j,,,,,,,,,,,,,,,,,,,
,Q,31,32,n,͖,,,,,,,,,,,,,,,,,,
,Q,32,P,j,,,,,,,,,,,,,,,,,,,
,Q,32,31,j,,,,,,,,,,,,,,,,,,,
,Q,32,32,n,͖,,,,,,,,,,,,,,,,,,
,Q,33,33,_\,{,,,,,,,,,,,,,,,,,,
,Q,34,34,w,,,,,,,,,,,,,,,,,,,
,Q,3,,,z,,,,,,,,,,,,,,,,,,
,Q,3,,,z,,,,,,,,,,,,,,,,,,
,Q,3,,,O,,,,,,,,,,,,,,,,,,
,Q,3,,,z,,,,,,,,,,,,,,,,,,
,Q,3,,,z,,,,,,,,,,,,,,,,,,
,Q,3,,,O,,,,,,,,,,,,,,,,,,
,Q,21,21,pC,܌,,,,,,,,,,,,,,,,,,
,Q,22,22,pC,xV,,,,,,,,,,,,,,,,,,
,Q,23,23,_,c,,,,,,,,,,,,,,,,,,
,Q,24,,,,,,,,,,,,,,,,,,,,,
,Q,2,,T,nӒ,,,,,,,,,,,,,,,,,,
,Q,2,,T,R,,,,,,,,,,,,,,,,,,
,Q,2,,T,I,,,,,,,,,,,,,,,,,,
,Q,11,11,,,,,,,,,,,,,,,,,,,,
,Q,12,12,j,,,,,,,,,,,,,,,,,,,
,Q,13,13,,V,,,,,,,,,,,,,,,,,,
,Q,14,14,pC,H,,,,,,,,,,,,,,,,,,
,Q,15,,T,VO,,,,,,,,,,,,,,,,,,
,Q,16,16,,,,,,,,,,,,,,,,,,,,
,R,31,P,j,,,,,,,,,,,,,,,,,,,
,R,31,32,o,AJ,,,,,,,,,,,,,,,,,,
,R,32,P,j,,,,,,,,,,,,,,,,,,,
,R,32,32,o,AJ,,,,,,,,,,,,,,,,,,
,R,33,3,j,,,,,,,,,,,,,,,,,,,
,R,33,33,n,͖,,,,,,,,,,,,,,,,,,
,R,34,34,pC,{,,,,,,,,,,,,,,,,,,
,R,3,,,,,,,,,,,,,,,,,,,,,
,R,3,,,X,,,,,,,,,,,,,,,,,,
,R,3,35,ÓT,n,,,,,,,,,,,,,,,,,,
,R,21,,T,R,,,,,,,,,,,,,,,,,,
,R,21,,T,I,,,,,,,,,,,,,,,,,,
,R,21,,T,nӒ,,,,,,,,,,,,,,,,,,
,R,22,22,_,cb,,,,,,,,,,,,,,,,,,
,R,23,23,pC,㕶,,,,,,,,,,,,,,,,,,
,R,24,24,n,,,,,,,,,,,,,,,,,,,
,R,2,Q,w,I,,,,,,,,,,,,,,,,,,
,R,2,,w,V,,,,,,,,,,,,,,,,,,
,R,2,25,_,c,,,,,,,,,,,,,,,,,,
,R,2,25,_,,,,,,,,,,,,,,,,,,,
,R,11,11,,,,,,,,,,,,,,,,,,,,
,R,12,12,,M,,,,,,,,,,,,,,,,,,
,R,13,,,O,,,,,,,,,,,,,,,,,,
,R,13,,,VM,,,,,,,,,,,,,,,,,,
,R,13,,,ɓ,,,,,,,,,,,,,,,,,,
,R,14,,,O,,,,,,,,,,,,,,,,,,
,R,14,,,VM,,,,,,,,,,,,,,,,,,
,R,14,,,ɓ,,,,,,,,,,,,,,,,,,
,R,15,15,p,Vq,,,,,,,,,,,,,,,,,,
,R,16,16,p,,,,,,,,,,,,,,,,,,,
,S,31,31,_,R,,,,,,,,,,,,,,,,,,
,S,32,,,z,,,,,,,,,,,,,,,,,,
,S,32,,,ɓ,,,,,,,,,,,,,,,,,,
,S,32,,,z,,,,,,,,,,,,,,,,,,
,S,33,33,w,,,,,,,,,,,,,,,,,,,
,S,34,,,z,,,,,,,,,,,,,,,,,,
,S,34,,,ɓ,,,,,,,,,,,,,,,,,,
,S,34,,,z,,,,,,,,,,,,,,,,,,
,S,3,36,U,c,,,,,,,,,,,,,,,,,,
,S,3,P,U,,,,,,,,,,,,,,,,,,,
,S,3,35,,X,,,,,,,,,,,,,,,,,,
,S,21,21,U,CN,,,,,,,,,,,,,,,,,,
,S,22,22,aC,c,,,,,,,,,,,,,,,,,,
,S,23,23,,AJ,,,,,,,,,,,,,,,,,,
,S,24,24,pC,㕶,,,,,,,,,,,,,,,,,,
,S,2,26,,s,,,,,,,,,,,,,,,,,,
,S,2,Q,,O,,,,,,,,,,,,,,,,,,
,S,2,25,p,܌,,,,,,,,,,,,,,,,,,
,S,11,11,`,,,,,,,,,,,,,,,,,,,
,S,12,,T,VO,,,,,,,,,,,,,,,,,,
,S,13,13,,M,,,,,,,,,,,,,,,,,,
,S,14,14,,,,,,,,,,,,,,,,,,,,
,S,15,15,j,i,,,,,,,,,,,,,,,,,,
,S,16,16,n,,,,,,,,,,,,,,,,,,,
,T,31,31,B,,,,,,,,,,,,,,,,,,,
,T,31,31,B,G,,,,,,,,,,,,,,,,,,
,T,32,32,_\,,,,,,,,,,,,,,,,,,,
,T,33,,,,,,,,,,,,,,,,,,,,,
,T,34,34,ÓT,R,,,,,,,,,,,,,,,,,,
,T,34,34,,,,,,,,,,,,,,,,,,,,
,T,3,36,E,c,,,,,,,,,,,,,,,,,,
,T,3,P,E,,,,,,,,,,,,,,,,,,,
,T,3,35,p,{,,,,,,,,,,,,,,,,,,
,T,21,21,,܌,,,,,,,,,,,,,,,,,,
,T,21,,,CN,,,,,,,,,,,,,,,,,,
,T,22,22,,cb,,,,,,,,,,,,,,,,,,
,T,22,,,xV,,,,,,,,,,,,,,,,,,
,T,23,23,,,,,,,,,,,,,,,,,,,,
,T,23,,,,,,,,,,,,,,,,,,,,,
,T,24,24,,,,,,,,,,,,,,,,,,,,
,T,24,,,c,,,,,,,,,,,,,,,,,,
,T,2,26,,O,,,,,,,,,,,,,,,,,,
,T,2,25,,O,,,,,,,,,,,,,,,,,,
,T,11,11,pC,Vq,,,,,,,,,,,,,,,,,,
,T,12,12,pC,H,,,,,,,,,,,,,,,,,,
,T,13,13,pC,,,,,,,,,,,,,,,,,,,
,T,14,14,,,,,,,,,,,,,,,,,,,,
,T,15,15,,,,,,,,,,,,,,,,,,,,
,T,16,16,,˓c,,,,,,,,,,,,,,,,,,
,U,2,26,T,s,,,,,,,,,,,,,,,,,,
,U,2,26,T,O,,,,,,,,,,,,,,,,,,
,U,2,26,T,O,,,,,,,,,,,,,,,,,,
,U,2,,T,,,,,,,,,,,,,,,,,,,
,U,2,,T,V,,,,,,,,,,,,,,,,,,
,U,2,,T,V,,,,,,,,,,,,,,,,,,
,U,2,,T,,,,,,,,,,,,,,,,,,,
,U,2,,T,I,,,,,,,,,,,,,,,,,,
,U,2,,T,VO,,,,,,,,,,,,,,,,,,
,U,2,25,ےT,X,,,,,,,,,,,,,,,,,,
,U,2,25,ےT,c,,,,,,,,,,,,,,,,,,
,U,2,25,ےT,cb,,,,,,,,,,,,,,,,,,
,U,2,25,ےT,,,,,,,,,,,,,,,,,,,
,U,2,25,ےT,i,,,,,,,,,,,,,,,,,,
,U,2,25,ےT,,,,,,,,,,,,,,,,,,,
,U,2,25,ےT,AJ,,,,,,,,,,,,,,,,,,
,U,2,25,ےT,㕶,,,,,,,,,,,,,,,,,,
,U,2,25,ےT,܌,,,,,,,,,,,,,,,,,,
,U,2,25,ےT,xV,,,,,,,,,,,,,,,,,,
,U,2,25,ےT,,,,,,,,,,,,,,,,,,,
,U,2,25,ےT,,,,,,,,,,,,,,,,,,,
,P,31,31,Ca,,,,,,,,,,,,,,,,,,,
,P,32,32,A,,,,,,,,,,,,,,,,,,,
,P,32,32,A,G,,,,,,,,,,,,,,,,,,
,P,33,,,,,,,,,,,,,,,,,,,,,
,P,34,34,VC,,,,,,,,,,,,,,,,,,,
,P,3,P,_,n,,,,,,,,,,,,,,,,,,
,P,3,36,j,,,,,,,,,,,,,,,,,,,
,P,3,35,n,͖,,,,,,,,,,,,,,,,,,
,P,21,21,aC,c,,,,,,,,,,,,,,,,,,
,P,22,22,pC,xV,,,,,,,,,,,,,,,,,,
,P,23,23,aC,O,,,,,,,,,,,,,,,,,,
,P,24,24,,AJ,,,,,,,,,,,,,,,,,,
,P,2,Q,EW,܌,,,,,,,,,,,,,,,,,,
,P,2,26,EW,㕶,,,,,,,,,,,,,,,,,,
,P,2,25,_,c,,,,,,,,,,,,,,,,,,
,P,2,25,_,,,,,,,,,,,,,,,,,,,
,P,11,11,n,|c,,,,,,,,,,,,,,,,,,
,P,12,12,`,,,,,,,,,,,,,,,,,,,
,P,13,13,TU,˓c,,,,,,,,,,,,,,,,,,
,P,14,14,,V,,,,,,,,,,,,,,,,,,
,P,15,15,n,,,,,,,,,,,,,,,,,,,
,P,16,},,ɓ,,,,,,,,,,,,,,,,,,
,Q,31,31,ÓT,n,,,,,,,,,,,,,,,,,,
,Q,32,32,Ca,q,,,,,,,,,,,,,,,,,,
,Q,33,33,w,,,,,,,,,,,,,,,,,,,
,Q,34,,,,,,,,,,,,,,,,,,,,,
,Q,34,,,X,,,,,,,,,,,,,,,,,,
,Q,3,36,U,c,,,,,,,,,,,,,,,,,,
,Q,3,P,U,,,,,,,,,,,,,,,,,,,
,Q,3,35,p,{,,,,,,,,,,,,,,,,,,
,Q,21,21,_,cb,,,,,,,,,,,,,,,,,,
,Q,22,22,,VS,,,,,,,,,,,,,,,,,,
,Q,23,2,j,i,,,,,,,,,,,,,,,,,,
,Q,23,23,n,,,,,,,,,,,,,,,,,,,
,Q,24,24,_\,xV,,,,,,,,,,,,,,,,,,
,Q,2,26,,s,,,,,,,,,,,,,,,,,,
,Q,2,Q,,O,,,,,,,,,,,,,,,,,,
,Q,2,25,U,CN,,,,,,,,,,,,,,,,,,
,Q,11,11,,VO,,,,,,,,,,,,,,,,,,
,Q,12,12,,VO,,,,,,,,,,,,,,,,,,
,Q,13,13,,VO,,,,,,,,,,,,,,,,,,
,Q,14,14,,VO,,,,,,,,,,,,,,,,,,
,Q,15,15,,VO,,,,,,,,,,,,,,,,,,
,Q,16,16,,VO,,,,,,,,,,,,,,,,,,
,R,31,31,B,,,,,,,,,,,,,,,,,,,
,R,31,31,B,G,,,,,,,,,,,,,,,,,,
,R,32,32,_,R,,,,,,,,,,,,,,,,,,
,R,33,33,VC,c,,,,,,,,,,,,,,,,,,
,R,34,34,_\,q,,,,,,,,,,,,,,,,,,
,R,3,P,w,I,,,,,,,,,,,,,,,,,,
,R,3,,w,,,,,,,,,,,,,,,,,,,
,R,3,35,,X,,,,,,,,,,,,,,,,,,
,R,21,21,,VS,,,,,,,,,,,,,,,,,,
,R,22,22,U,CN,,,,,,,,,,,,,,,,,,
,R,23,23,_,c,,,,,,,,,,,,,,,,,,
,R,24,24,UV,s,,,,,,,,,,,,,,,,,,
,R,2,,,,,,,,,,,,,,,,,,,,,
,R,2,,,V,,,,,,,,,,,,,,,,,,
,R,2,25,EW,㕶,,,,,,,,,,,,,,,,,,
,R,11,11,TU,˓c,,,,,,,,,,,,,,,,,,
,R,12,12,,V,,,,,,,,,,,,,,,,,,
,R,13,,,O,,,,,,,,,,,,,,,,,,
,R,13,,,VM,,,,,,,,,,,,,,,,,,
,R,13,,,ɓ,,,,,,,,,,,,,,,,,,
,R,14,,,O,,,,,,,,,,,,,,,,,,
,R,14,,,VM,,,,,,,,,,,,,,,,,,
,R,14,,,ɓ,,,,,,,,,,,,,,,,,,
,R,15,15,,,,,,,,,,,,,,,,,,,,
,R,16,16,EW,Vq,,,,,,,,,,,,,,,,,,
,S,31,31,ӏ,VO,,,,,,,,,,,,,,,,,,
,S,32,32,ӏ,VO,,,,,,,,,,,,,,,,,,
,S,33,33,ӏ,VO,,,,,,,,,,,,,,,,,,
,S,34,34,ӏ,VO,,,,,,,,,,,,,,,,,,
,S,3,15,ӏ,VO,,,,,,,,,,,,,,,,,,
,S,3,16,ӏ,VO,,,,,,,,,,,,,,,,,,
,S,21,21,ӏ,VO,,,,,,,,,,,,,,,,,,
,S,22,22,ӏ,VO,,,,,,,,,,,,,,,,,,
,S,23,23,ӏ,VO,,,,,,,,,,,,,,,,,,
,S,24,24,ӏ,VO,,,,,,,,,,,,,,,,,,
,S,2,25,ӏ,VO,,,,,,,,,,,,,,,,,,
,S,2,26,ӏ,VO,,,,,,,,,,,,,,,,,,
,S,11,11,ӏ,VO,,,,,,,,,,,,,,,,,,
,S,12,12,ӏ,VO,,,,,,,,,,,,,,,,,,
,S,13,13,ӏ,VO,,,,,,,,,,,,,,,,,,
,S,14,14,ӏ,VO,,,,,,,,,,,,,,,,,,
,S,15,15,ӏ,VO,,,,,,,,,,,,,,,,,,
,S,16,16,ӏ,VO,,,,,,,,,,,,,,,,,,
,T,31,31,ӏ,VO,,,,,,,,,,,,,,,,,,
,T,32,32,ӏ,VO,,,,,,,,,,,,,,,,,,
,T,33,33,ӏ,VO,,,,,,,,,,,,,,,,,,
,T,34,34,ӏ,VO,,,,,,,,,,,,,,,,,,
,T,3,15,ӏ,VO,,,,,,,,,,,,,,,,,,
,T,3,16,ӏ,VO,,,,,,,,,,,,,,,,,,
,T,21,21,ӏ,VO,,,,,,,,,,,,,,,,,,
,T,22,22,ӏ,VO,,,,,,,,,,,,,,,,,,
,T,23,23,ӏ,VO,,,,,,,,,,,,,,,,,,
,T,24,24,ӏ,VO,,,,,,,,,,,,,,,,,,
,T,2,25,ӏ,VO,,,,,,,,,,,,,,,,,,
,T,2,26,ӏ,VO,,,,,,,,,,,,,,,,,,
,T,11,11,ӏ,VO,,,,,,,,,,,,,,,,,,
,T,12,12,ӏ,VO,,,,,,,,,,,,,,,,,,
,T,13,13,ӏ,VO,,,,,,,,,,,,,,,,,,
,T,14,14,ӏ,VO,,,,,,,,,,,,,,,,,,
,T,15,15,ӏ,VO,,,,,,,,,,,,,,,,,,
,T,16,16,ӏ,VO,,,,,,,,,,,,,,,,,,
,U,31,31,ӏ,VO,,,,,,,,,,,,,,,,,,
,U,32,32,ӏ,VO,,,,,,,,,,,,,,,,,,
,U,33,33,ӏ,VO,,,,,,,,,,,,,,,,,,
,U,34,34,ӏ,VO,,,,,,,,,,,,,,,,,,
,U,3,15,ӏ,VO,,,,,,,,,,,,,,,,,,
,U,3,16,ӏ,VO,,,,,,,,,,,,,,,,,,
,U,21,21,ӏ,VO,,,,,,,,,,,,,,,,,,
,U,22,22,ӏ,VO,,,,,,,,,,,,,,,,,,
,U,23,23,ӏ,VO,,,,,,,,,,,,,,,,,,
,U,24,24,ӏ,VO,,,,,,,,,,,,,,,,,,
,U,2,25,ӏ,VO,,,,,,,,,,,,,,,,,,
,U,2,26,ӏ,VO,,,,,,,,,,,,,,,,,,
,U,11,11,ӏ,VO,,,,,,,,,,,,,,,,,,
,U,12,12,ӏ,VO,,,,,,,,,,,,,,,,,,
,U,13,13,ӏ,VO,,,,,,,,,,,,,,,,,,
,U,14,14,ӏ,VO,,,,,,,,,,,,,,,,,,
,U,15,15,ӏ,VO,,,,,,,,,,,,,,,,,,
,U,16,16,ӏ,VO,,,,,,,,,,,,,,,,,,
,P,31,31,_\,q,,,,,,,,,,,,,,,,,,
,P,32,,,z,,,,,,,,,,,,,,,,,,
,P,32,,,ɓ,,,,,,,,,,,,,,,,,,
,P,32,,,z,,,,,,,,,,,,,,,,,,
,P,33,33,_,n,,,,,,,,,,,,,,,,,,
,P,34,,,z,,,,,,,,,,,,,,,,,,
,P,34,,,ɓ,,,,,,,,,,,,,,,,,,
,P,34,,,z,,,,,,,,,,,,,,,,,,
,P,3,36,j,,,,,,,,,,,,,,,,,,,
,P,3,P,n,͖,,,,,,,,,,,,,,,,,,
,P,3,35,p,{,,,,,,,,,,,,,,,,,,
,P,21,21,U,CN,,,,,,,,,,,,,,,,,,
,P,22,22,,AJ,,,,,,,,,,,,,,,,,,
,P,23,23,ÓT,,,,,,,,,,,,,,,,,,,
,P,24,24,pC,㕶,,,,,,,,,,,,,,,,,,
,P,2,,,,,,,,,,,,,,,,,,,,,
,P,2,,,V,,,,,,,,,,,,,,,,,,
,P,2,25,p,܌,,,,,,,,,,,,,,,,,,
,P,11,11,pC,Vq,,,,,,,,,,,,,,,,,,
,P,12,12,,,,,,,,,,,,,,,,,,,,
,P,13,13,,V,,,,,,,,,,,,,,,,,,
,P,14,14,pC,H,,,,,,,,,,,,,,,,,,
,P,15,15,,,,,,,,,,,,,,,,,,,,
,P,16,16,w,I,,,,,,,,,,,,,,,,,,
,Q,31,31,B,,,,,,,,,,,,,,,,,,,
,Q,31,31,B,G,,,,,,,,,,,,,,,,,,
,Q,32,32,Ca,q,,,,,,,,,,,,,,,,,,
,Q,33,33,VC,c,,,,,,,,,,,,,,,,,,
,Q,34,34,VC,,,,,,,,,,,,,,,,,,,
,Q,3,P,p,,,,,,,,,,,,,,,,,,,
,Q,3,36,j,,,,,,,,,,,,,,,,,,,
,Q,3,35,n,͖,,,,,,,,,,,,,,,,,,
,Q,21,21,_\,xV,,,,,,,,,,,,,,,,,,
,Q,22,22,_,cb,,,,,,,,,,,,,,,,,,
,Q,23,,T,R,,,,,,,,,,,,,,,,,,
,Q,23,,T,I,,,,,,,,,,,,,,,,,,
,Q,23,,T,nӒ,,,,,,,,,,,,,,,,,,
,Q,24,24,ÓT,,,,,,,,,,,,,,,,,,,
,Q,2,26,,s,,,,,,,,,,,,,,,,,,
,Q,2,Q,,O,,,,,,,,,,,,,,,,,,
,Q,2,25,,`,,,,,,,,,,,,,,,,,,
,Q,11,11,`,,,,,,,,,,,,,,,,,,,
,Q,12,12,pC,H,,,,,,,,,,,,,,,,,,
,Q,13,13,,M,,,,,,,,,,,,,,,,,,
,Q,14,14,,ؑ,,,,,,,,,,,,,,,,,,
,Q,15,15,n,,,,,,,,,,,,,,,,,,,
,Q,16,16,,˓c,,,,,,,,,,,,,,,,,,
,R,31,Q,j,,,,,,,,,,,,,,,,,,,
,R,31,32,o,AJ,,,,,,,,,,,,,,,,,,
,R,32,Q,j,,,,,,,,,,,,,,,,,,,
,R,32,32,o,AJ,,,,,,,,,,,,,,,,,,
,R,33,,,,,,,,,,,,,,,,,,,,,
,R,34,34,_,n,,,,,,,,,,,,,,,,,,
,R,3,36,E,c,,,,,,,,,,,,,,,,,,
,R,3,P,E,,,,,,,,,,,,,,,,,,,
,R,3,35,_,R,,,,,,,,,,,,,,,,,,
,R,21,,T,R,,,,,,,,,,,,,,,,,,
,R,21,,T,I,,,,,,,,,,,,,,,,,,
,R,21,,T,nӒ,,,,,,,,,,,,,,,,,,
,R,22,22,,V,,,,,,,,,,,,,,,,,,
,R,23,23,UV,O,,,,,,,,,,,,,,,,,,
,R,24,24,UV,s,,,,,,,,,,,,,,,,,,
,R,2,2,j,i,,,,,,,,,,,,,,,,,,
,R,2,26,n,|c,,,,,,,,,,,,,,,,,,
,R,2,25,U,CN,,,,,,,,,,,,,,,,,,
,R,11,,,VM,,,,,,,,,,,,,,,,,,
,R,11,,,ɓ,,,,,,,,,,,,,,,,,,
,R,11,,,z,,,,,,,,,,,,,,,,,,
,R,12,,,VM,,,,,,,,,,,,,,,,,,
,R,12,,,ɓ,,,,,,,,,,,,,,,,,,
,R,12,,,z,,,,,,,,,,,,,,,,,,
,R,13,13,TU,˓c,,,,,,,,,,,,,,,,,,
,R,14,14,TU,c,,,,,,,,,,,,,,,,,,
,R,15,15,p,Vq,,,,,,,,,,,,,,,,,,
,R,16,16,,M,,,,,,,,,,,,,,,,,,
,P,31,31,_\,q,,,,,,,,,,,,,,,,,,
,P,32,32,pb,{,,,,,,,,,,,,,,,,,,
,P,33,33,,,,,,,,,,,,,,,,,,,,
,P,33,3,,c,,,,,,,,,,,,,,,,,,
,P,34,34,_,n,,,,,,,,,,,,,,,,,,
,P,3,P,w,I,,,,,,,,,,,,,,,,,,
,P,3,,w,,,,,,,,,,,,,,,,,,,
,P,3,35,_,R,,,,,,,,,,,,,,,,,,
,P,21,21,pC,܌,,,,,,,,,,,,,,,,,,
,P,22,22,_\,㕶,,,,,,,,,,,,,,,,,,
,P,23,23,,AJ,,,,,,,,,,,,,,,,,,
,P,24,24,_\,xV,,,,,,,,,,,,,,,,,,
,P,2,,̈,O,,,,,,,,,,,,,,,,,,
,P,2,,̈,ɓ,,,,,,,,,,,,,,,,,,
,P,2,,̈,z,,,,,,,,,,,,,,,,,,
,P,2,,̈,O,,,,,,,,,,,,,,,,,,
,P,2,,̈,ɓ,,,,,,,,,,,,,,,,,,
,P,2,,̈,z,,,,,,,,,,,,,,,,,,
,P,11,},ی,VM,,,,,,,,,,,,,,,,,,
,P,12,12,,M,,,,,,,,,,,,,,,,,,
,P,13,13,_\,Vq,,,,,,,,,,,,,,,,,,
,P,14,14,ƒ,,,,,,,,,,,,,,,,,,,
,P,15,15,j,i,,,,,,,,,,,,,,,,,,
,P,16,16,,˓c,,,,,,,,,,,,,,,,,,
,Q,31,31,,VS,,,,,,,,,,,,,,,,,,
,Q,32,32,B,,,,,,,,,,,,,,,,,,,
,Q,32,32,B,G,,,,,,,,,,,,,,,,,,
,Q,32,,U,R,,,,,,,,,,,,,,,,,,
,Q,32,,U,I,,,,,,,,,,,,,,,,,,
,Q,33,,,,,,,,,,,,,,,,,,,,,
,Q,34,34,,,,,,,,,,,,,,,,,,,,
,Q,34,3,,c,,,,,,,,,,,,,,,,,,
,Q,3,36,EW,q,,,,,,,,,,,,,,,,,,
,Q,3,P,EW,,,,,,,,,,,,,,,,,,,
,Q,3,35,j,,,,,,,,,,,,,,,,,,,
,Q,21,,̈,O,,,,,,,,,,,,,,,,,,
,Q,21,,̈,z,,,,,,,,,,,,,,,,,,
,Q,21,,̈,z,,,,,,,,,,,,,,,,,,
,Q,22,22,j,,,,,,,,,,,,,,,,,,,
,Q,23,,̈,O,,,,,,,,,,,,,,,,,,
,Q,23,,̈,z,,,,,,,,,,,,,,,,,,
,Q,23,,̈,z,,,,,,,,,,,,,,,,,,
,Q,24,24,n,,,,,,,,,,,,,,,,,,,
,Q,2,26,,s,,,,,,,,,,,,,,,,,,
,Q,2,Q,,O,,,,,,,,,,,,,,,,,,
,Q,2,25,_,c,,,,,,,,,,,,,,,,,,
,Q,2,25,_,,,,,,,,,,,,,,,,,,,
,Q,11,11,_\,H,,,,,,,,,,,,,,,,,,
,Q,12,12,n,|c,,,,,,,,,,,,,,,,,,
,Q,13,13,,ؑ,,,,,,,,,,,,,,,,,,
,Q,14,14,,M,,,,,,,,,,,,,,,,,,
,Q,15,,,VO,,,,,,,,,,,,,,,,,,
,Q,16,16,j,i,,,,,,,,,,,,,,,,,,
,R,31,31,_,R,,,,,,,,,,,,,,,,,,
,R,32,32,,VS,,,,,,,,,,,,,,,,,,
,R,33,33,w,,,,,,,,,,,,,,,,,,,
,R,34,,,,,,,,,,,,,,,,,,,,,
,R,34,,,X,,,,,,,,,,,,,,,,,,
,R,3,P,_,n,,,,,,,,,,,,,,,,,,
,R,3,36,j,,,,,,,,,,,,,,,,,,,
,R,3,35,n,͖,,,,,,,,,,,,,,,,,,
,R,21,21,j,,,,,,,,,,,,,,,,,,,
,R,22,22,aC,c,,,,,,,,,,,,,,,,,,
,R,23,23,aC,O,,,,,,,,,,,,,,,,,,
,R,24,24,_,c,,,,,,,,,,,,,,,,,,
,R,2,26,ÓT,cb,,,,,,,,,,,,,,,,,,
,R,2,Q,,,,,,,,,,,,,,,,,,,,
,R,2,25,aC,CN,,,,,,,,,,,,,,,,,,
,R,11,,̈,VM,,,,,,,,,,,,,,,,,,
,R,11,,̈,ɓ,,,,,,,,,,,,,,,,,,
,R,11,,̈,z,,,,,,,,,,,,,,,,,,
,R,12,,̈,VM,,,,,,,,,,,,,,,,,,
,R,12,,̈,ɓ,,,,,,,,,,,,,,,,,,
,R,12,,̈,z,,,,,,,,,,,,,,,,,,
,R,13,13,ƒ,,,,,,,,,,,,,,,,,,,
,R,14,14,`,˓c,,,,,,,,,,,,,,,,,,
,R,15,15,,,,,,,,,,,,,,,,,,,,
,R,16,16,,ؑ,,,,,,,,,,,,,,,,,,
,S,31,31,,X,,,,,,,,,,,,,,,,,,
,S,32,32,_\,,,,,,,,,,,,,,,,,,,
,S,33,33,_,n,,,,,,,,,,,,,,,,,,
,S,34,34,w,,,,,,,,,,,,,,,,,,,
,S,3,36,U,c,,,,,,,,,,,,,,,,,,
,S,3,P,U,,,,,,,,,,,,,,,,,,,
,S,3,35,B,,,,,,,,,,,,,,,,,,,
,S,3,35,B,G,,,,,,,,,,,,,,,,,,
,S,21,21,j,i,,,,,,,,,,,,,,,,,,
,S,21,2,n,,,,,,,,,,,,,,,,,,,
,S,22,22,,AJ,,,,,,,,,,,,,,,,,,
,S,23,23,pC,㕶,,,,,,,,,,,,,,,,,,
,S,24,,T,R,,,,,,,,,,,,,,,,,,
,S,24,,T,I,,,,,,,,,,,,,,,,,,
,S,2,Q,p,xV,,,,,,,,,,,,,,,,,,
,S,2,25,,`,,,,,,,,,,,,,,,,,,
,S,11,,T,VO,,,,,,,,,,,,,,,,,,
,S,12,12,,V,,,,,,,,,,,,,,,,,,
,S,13,13,,,,,,,,,,,,,,,,,,,,
,S,14,14,_\,,,,,,,,,,,,,,,,,,,
,S,15,15,w,I,,,,,,,,,,,,,,,,,,
,S,16,16,,,,,,,,,,,,,,,,,,,,
,T,31,31,A,,,,,,,,,,,,,,,,,,,
,T,31,31,A,G,,,,,,,,,,,,,,,,,,
,T,32,32,,R,,,,,,,,,,,,,,,,,,
,T,32,,\,I,,,,,,,,,,,,,,,,,,
,T,32,,\,V,,,,,,,,,,,,,,,,,,
,T,33,33,pC,q,,,,,,,,,,,,,,,,,,
,T,34,34,pC,{,,,,,,,,,,,,,,,,,,
,T,3,36,j,,,,,,,,,,,,,,,,,,,
,T,3,P,n,͖,,,,,,,,,,,,,,,,,,
,T,3,35,EW,,,,,,,,,,,,,,,,,,,
,T,21,21,U,CN,,,,,,,,,,,,,,,,,,
,T,22,22,_,cb,,,,,,,,,,,,,,,,,,
,T,23,23,UV,O,,,,,,,,,,,,,,,,,,
,T,24,24,aC,s,,,,,,,,,,,,,,,,,,
,T,2,Q,,`,,,,,,,,,,,,,,,,,,
,T,2,25,p,܌,,,,,,,,,,,,,,,,,,
,T,11,11,,,,,,,,,,,,,,,,,,,,
,T,12,12,TU,c,,,,,,,,,,,,,,,,,,
,T,13,13,j,,,,,,,,,,,,,,,,,,,
,T,14,,T,VO,,,,,,,,,,,,,,,,,,
,T,15,,̈,ɓ,,,,,,,,,,,,,,,,,,
,T,15,,̈,VM,,,,,,,,,,,,,,,,,,
,T,15,,̈,z,,,,,,,,,,,,,,,,,,
,T,16,,̈,ɓ,,,,,,,,,,,,,,,,,,
,T,16,,̈,VM,,,,,,,,,,,,,,,,,,
,T,16,,̈,z,,,,,,,,,,,,,,,,,,
,U,31,31,LHR,,,,,,,,,,,,,,,,,,,
,U,32,32,LHR,z,,,,,,,,,,,,,,,,,,
,U,33,33,LHR,,,,,,,,,,,,,,,,,,,
,U,34,34,LHR,{,,,,,,,,,,,,,,,,,,
,U,3,36,LHR,R,,,,,,,,,,,,,,,,,,
,U,3,35,LHR,,,,,,,,,,,,,,,,,,,
,U,21,21,LHR,܌,,,,,,,,,,,,,,,,,,
,U,22,22,LHR,cb,,,,,,,,,,,,,,,,,,
,U,23,23,LHR,,,,,,,,,,,,,,,,,,,
,U,24,24,LHR,,,,,,,,,,,,,,,,,,,
,U,2,26,LHR,O,,,,,,,,,,,,,,,,,,
,U,2,25,LHR,O,,,,,,,,,,,,,,,,,,
,U,11,11,LHR,AJ,,,,,,,,,,,,,,,,,,
,U,12,12,LHR,V,,,,,,,,,,,,,,,,,,
,U,13,13,LHR,˓c,,,,,,,,,,,,,,,,,,
,U,14,14,LHR,M,,,,,,,,,,,,,,,,,,
,U,15,15,LHR,,,,,,,,,,,,,,,,,,,
,U,16,16,LHR,R,,,,,,,,,,,,,,,,,,
,P,31,,,VM,,,,,,,,,,,,,,,,,,
,P,31,,,z,,,,,,,,,,,,,,,,,,
,P,31,,,O,,,,,,,,,,,,,,,,,,
,P,32,32,Ca,q,,,,,,,,,,,,,,,,,,
,P,33,,,VM,,,,,,,,,,,,,,,,,,
,P,33,,,z,,,,,,,,,,,,,,,,,,
,P,33,,,O,,,,,,,,,,,,,,,,,,
,P,34,34,,,,,,,,,,,,,,,,,,,,
,P,34,3,,c,,,,,,,,,,,,,,,,,,
,P,3,P,_,n,,,,,,,,,,,,,,,,,,
,P,3,35,,,,,,,,,,,,,,,,,,,,
,P,21,21,,AJ,,,,,,,,,,,,,,,,,,
,P,22,22,_,cb,,,,,,,,,,,,,,,,,,
,P,23,23,aC,O,,,,,,,,,,,,,,,,,,
,P,24,u,,z,,,,,,,,,,,,,,,,,,
,P,2,,,,,,,,,,,,,,,,,,,,,
,P,2,,,V,,,,,,,,,,,,,,,,,,
,P,2,26,j,i,,,,,,,,,,,,,,,,,,
,P,2,25,n,|c,,,,,,,,,,,,,,,,,,
,P,11,,T,VO,,,,,,,,,,,,,,,,,,
,P,12,12,pC,H,,,,,,,,,,,,,,,,,,
,P,13,13,pC,,,,,,,,,,,,,,,,,,,
,P,14,14,TU,c,,,,,,,,,,,,,,,,,,
,P,15,15,,,,,,,,,,,,,,,,,,,,
,P,16,16,,ؑ,,,,,,,,,,,,,,,,,,
,Q,31,31,Ca,,,,,,,,,,,,,,,,,,,
,Q,32,32,_,R,,,,,,,,,,,,,,,,,,
,Q,33,33,w,,,,,,,,,,,,,,,,,,,
,Q,34,3,j,,,,,,,,,,,,,,,,,,,
,Q,34,34,n,͖,,,,,,,,,,,,,,,,,,
,Q,3,36,E,c,,,,,,,,,,,,,,,,,,
,Q,3,P,E,,,,,,,,,,,,,,,,,,,
,Q,3,35,j,,,,,,,,,,,,,,,,,,,
,Q,21,21,_,cb,,,,,,,,,,,,,,,,,,
,Q,22,22,j,i,,,,,,,,,,,,,,,,,,
,Q,22,2,n,,,,,,,,,,,,,,,,,,,
,Q,23,,,,,,,,,,,,,,,,,,,,,
,Q,23,,,V,,,,,,,,,,,,,,,,,,
,Q,24,24,ÓT,,,,,,,,,,,,,,,,,,,
,Q,2,Q,w,I,,,,,,,,,,,,,,,,,,
,Q,2,,w,V,,,,,,,,,,,,,,,,,,
,Q,2,25,U,CN,,,,,,,,,,,,,,,,,,
,Q,11,11,pC,Vq,,,,,,,,,,,,,,,,,,
,Q,12,},ی,ɓ,,,,,,,,,,,,,,,,,,
,Q,13,13,TU,˓c,,,,,,,,,,,,,,,,,,
,Q,14,14,,M,,,,,,,,,,,,,,,,,,
,Q,15,15,,,,,,,,,,,,,,,,,,,,
,Q,16,,,VO,,,,,,,,,,,,,,,,,,
,R,31,31,_,R,,,,,,,,,,,,,,,,,,
,R,32,32,B,,,,,,,,,,,,,,,,,,,
,R,32,3,B,G,,,,,,,,,,,,,,,,,,
,R,32,,U,R,,,,,,,,,,,,,,,,,,
,R,32,,U,I,,,,,,,,,,,,,,,,,,
,R,33,33,pC,q,,,,,,,,,,,,,,,,,,
,R,34,34,_,n,,,,,,,,,,,,,,,,,,
,R,3,P,w,I,,,,,,,,,,,,,,,,,,
,R,3,,w,,,,,,,,,,,,,,,,,,,
,R,3,35,p,{,,,,,,,,,,,,,,,,,,
,R,21,21,p,܌,,,,,,,,,,,,,,,,,,
,R,22,22,p,܌,,,,,,,,,,,,,,,,,,
,R,23,23,p,㕶,,,,,,,,,,,,,,,,,,
,R,24,24,p,㕶,,,,,,,,,,,,,,,,,,
,R,2,Q,p,xV,,,,,,,,,,,,,,,,,,
,R,2,26,p,܌,,,,,,,,,,,,,,,,,,
,R,11,11,,ؑ,,,,,,,,,,,,,,,,,,
,R,12,12,TU,c,,,,,,,,,,,,,,,,,,
,R,13,13,,V,,,,,,,,,,,,,,,,,,
,R,14,14,j,,,,,,,,,,,,,,,,,,,
,R,15,15,p,Vq,,,,,,,,,,,,,,,,,,
,R,16,16,,,,,,,,,,,,,,,,,,,,
,S,31,P,j,,,,,,,,,,,,,,,,,,,
,S,31,31,j,,,,,,,,,,,,,,,,,,,
,S,31,32,n,͖,,,,,,,,,,,,,,,,,,
,S,32,P,j,,,,,,,,,,,,,,,,,,,
,S,32,31,j,,,,,,,,,,,,,,,,,,,
,S,32,32,n,͖,,,,,,,,,,,,,,,,,,
,S,33,33,,,,,,,,,,,,,,,,,,,,
,S,33,3,,c,,,,,,,,,,,,,,,,,,
,S,34,34,_\,q,,,,,,,,,,,,,,,,,,
,S,3,,,,,,,,,,,,,,,,,,,,,
,S,3,,,X,,,,,,,,,,,,,,,,,,
,S,3,35,B,,,,,,,,,,,,,,,,,,,
,S,3,35,B,G,,,,,,,,,,,,,,,,,,
,S,21,,̈,O,,,,,,,,,,,,,,,,,,
,S,21,,̈,z,,,,,,,,,,,,,,,,,,
,S,21,,̈,z,,,,,,,,,,,,,,,,,,
,S,22,,T,R,,,,,,,,,,,,,,,,,,
,S,22,,T,I,,,,,,,,,,,,,,,,,,
,S,23,,̈,O,,,,,,,,,,,,,,,,,,
,S,23,,̈,z,,,,,,,,,,,,,,,,,,
,S,23,,̈,z,,,,,,,,,,,,,,,,,,
,S,24,24,UV,s,,,,,,,,,,,,,,,,,,
,S,2,Q,_,c,,,,,,,,,,,,,,,,,,
,S,2,Q,_,cb,,,,,,,,,,,,,,,,,,
,S,2,25,aC,CN,,,,,,,,,,,,,,,,,,
,S,11,11,,,,,,,,,,,,,,,,,,,,
,S,12,12,,ؑ,,,,,,,,,,,,,,,,,,
,S,13,13,n,|c,,,,,,,,,,,,,,,,,,
,S,14,14,pC,H,,,,,,,,,,,,,,,,,,
,S,15,,T,VO,,,,,,,,,,,,,,,,,,
,S,16,16,p,,,,,,,,,,,,,,,,,,,
,T,31,31,,,,,,,,,,,,,,,,,,,,
,T,31,35,,q,,,,,,,,,,,,,,,,,,
,T,32,32,,z,,,,,,,,,,,,,,,,,,
,T,32,35,,c,,,,,,,,,,,,,,,,,,
,T,33,33,,,,,,,,,,,,,,,,,,,,
,T,33,35,,G,,,,,,,,,,,,,,,,,,
,T,34,34,,{,,,,,,,,,,,,,,,,,,
,T,34,35,,n,,,,,,,,,,,,,,,,,,
,T,34,35,,,,,,,,,,,,,,,,,,,,
,T,3,36,,R,,,,,,,,,,,,,,,,,,
,T,3,35,,,,,,,,,,,,,,,,,,,,
,T,21,21,aC,c,,,,,,,,,,,,,,,,,,
,T,22,,,O,,,,,,,,,,,,,,,,,,
,T,22,,,ɓ,,,,,,,,,,,,,,,,,,
,T,22,,,z,,,,,,,,,,,,,,,,,,
,T,23,23,_,c,,,,,,,,,,,,,,,,,,
,T,24,,,O,,,,,,,,,,,,,,,,,,
,T,24,,,ɓ,,,,,,,,,,,,,,,,,,
,T,24,,,z,,,,,,,,,,,,,,,,,,
,T,2,26,,s,,,,,,,,,,,,,,,,,,
,T,2,Q,,O,,,,,,,,,,,,,,,,,,
,T,2,25,,V,,,,,,,,,,,,,,,,,,
,T,11,11,TU,˓c,,,,,,,,,,,,,,,,,,
,T,12,12,,,,,,,,,,,,,,,,,,,,
,T,13,13,,M,,,,,,,,,,,,,,,,,,
,T,14,14,,,,,,,,,,,,,,,,,,,,
,T,15,15,w,I,,,,,,,,,,,,,,,,,,
,T,16,16,,,,,,,,,,,,,,,,,,,,
